id,title,url
1,Vendeur  H/F,https://www.lejobadequat.com/emplois/246794-vendeur-f-h-fr
2,Agent de nettoyage  H/F,https://www.lejobadequat.com/emplois/246793-agent-de-nettoyage-f-h-fr
3,Chauffeur PL  H/F,https://www.lejobadequat.com/emplois/246792-chauffeur-pl-h-f-fr
4,Assistant administratif  H/F,https://www.lejobadequat.com/emplois/246791-assistant-administratif-f-h-fr
5,Agent d&#8217;exploitation  H/F,https://www.lejobadequat.com/emplois/246789-agent-dexploitation-f-h-fr
6,Employe commercial fruits et legumes  H/F,https://www.lejobadequat.com/emplois/246786-employe-commercial-fruits-et-legumes-h-f-fr
7,Chaudronnier métallier  H/F,https://www.lejobadequat.com/emplois/246785-chaudronnier-metallier-h-f-fr
8,Chauffeur spl  H/F,https://www.lejobadequat.com/emplois/246784-chauffeur-spl-f-h-fr
9,Chef d&#8217;équipe   H/F,https://www.lejobadequat.com/emplois/246782-chef-dequipe-h-f-fr
10,Vendeur   H/F,https://www.lejobadequat.com/emplois/246781-vendeur-h-f-fr
11,Technicien de maintenance &#8211;  H/F,https://www.lejobadequat.com/emplois/246780-technicien-de-maintenance-h-f-fr
12,Préparateur de pièce  H/F,https://www.lejobadequat.com/emplois/246779-preparateur-de-piece-f-h-fr
